-- phpMyAdmin SQL Dump
-- version 3.4.10.1
-- http://www.phpmyadmin.net
--
-- Host: mysql11.000webhost.com
-- Generation Time: May 27, 2013 at 20:34 PM
-- Server version: 5.5.24
-- PHP Version: 5.2.6

SET SQL_MODE="NO_AUTO_VALUE_ON_ZERO";
SET time_zone = "+00:00";


/*!40101 SET @OLD_CHARACTER_SET_CLIENT=@@CHARACTER_SET_CLIENT */;
/*!40101 SET @OLD_CHARACTER_SET_RESULTS=@@CHARACTER_SET_RESULTS */;
/*!40101 SET @OLD_COLLATION_CONNECTION=@@COLLATION_CONNECTION */;
/*!40101 SET NAMES utf8 */;

--
-- Database: `a6660887_tramATM`
--

-- --------------------------------------------------------

--
-- Table structure for table `diadiem`
--

CREATE TABLE IF NOT EXISTS `diadiem` (
  `madiadiem` int(5) NOT NULL,
  `tendiadiem` varchar(100) NOT NULL,
  `diachi` varchar(200) NOT NULL,
  `maquan` varchar(10) NOT NULL,
  `manganhang` varchar(10) NOT NULL,
  `lat` varchar(15) NOT NULL,
  `lng` varchar(15) NOT NULL,
  PRIMARY KEY (`madiadiem`)
) ENGINE=MyISAM DEFAULT CHARSET=latin1;

--
-- Dumping data for table `diadiem`
--

INSERT INTO `diadiem` (`madiadiem`, `tendiadiem`, `diachi`, `maquan`, `manganhang`, `lat`, `lng`) VALUES
(1, 'AGB Tran Quang Khai', '81 Tran Quang Khai, P.Tan Dinh, Q.1', 'sg_1', 'agb', '10.792923', '106.693293'),
(2, 'AGB Dinh Tien Hoang', '127 Dinh Tien Hoang, P.3, Q.Binh Thanh', 'sg_bt', 'agb', '10.800701', '106.696318'),
(3, 'AGB Phan Dang Luu', '526 Phan Dang Luu, P.6, Q.Binh Thanh', 'sg_bt', 'agb', '10.803125', '106.695997'),
(4, 'AGB Nguyen Van Cu', '227 Nguyen Van Cu, P.4, Q.5', 'sg_5', 'agb', '10.763665', '106.682457'),
(5, 'AGB - PGD So 3', '72 Tran Quoc Toan, P.8, Q.3', 'sg_3', 'agb', '10.788138', '106.688422'),
(6, 'AGB Hai Ba Trung', '339 Hai Ba Trung, P.8, Q.1', 'sg_1', 'agb', '10.790056', '106.689645'),
(7, 'AGB Ton Duc Thang', '35 Ton Duc Thang, P.Ben Nghe, Q.1', 'sg_1', 'agb', '10.784703', '106.703936'),
(8, 'AGB Le Quang Dinh', '263 Le Quang Dinh, P.7, Q.Binh Thanh', 'sg_bt', 'agb', '10.810628', '106.692477'),
(9, 'AGB Le Van Sy', '384 Le Van Sy, P.2, Q.Tan Binh', 'sg_tb', 'agb', '10.798572', '106.663209'),
(10, 'AGB Cach Mang Thang 8', '727 Cach Mang Thang 8, P.6, Q.Tan Binh', 'sg_tb', 'agb', '10.788012', '106.663295'),
(11, 'AGB Go Vap', '503D Le Quang Dinh, P.1, Q.Go Vap', 'sg_gv', 'agb', '10.818827', '106.68943'),
(12, 'AGB Tan Binh', '359 Nguyen Trong Tuyen, P.1, Q.Tan Binh', 'sg_tb', 'agb', '10.79893', '106.665784'),
(15, 'AGB Nguyen Oanh', '425 Nguyen Oanh, P.17, Q.Go Vap', 'sg_gv', 'agb', '10.846478', '106.677972'),
(16, 'VIETIN Go Vap', '22 Quang Trung, P.10, Q.Go Vap', 'sg_gv', 'vtb', '10.827552', '106.678959'),
(17, 'VIETIN Q.5', '222 Tran Hung Dao, P.11, Q.5', 'sg_5', 'vtb', '10.752746', '106.665806'),
(18, 'ACB - PGD NTMK', '442, Nguyen Thi Minh Khai, P.5, Q.3', 'sg_3', 'acb', '10.769694', '106.68516'),
(19, 'VIETIN Nguyen Van Cu', '76, Nguyen Van Cu, P.Nguyen Cu Trinh, Q.1', 'sg_1', 'vtb', '10.757636', '106.684967'),
(21, 'VIETIN - PGD So 5', '287 Hung Vuong, P.9, Q.5', 'sg_5', 'vtb', '10.758859', '106.670526'),
(22, 'VIETCOM Q.5', '2D-2E Ly Thuong Kiet, P.12, Q.5', 'sg_5', 'vcb', '10.757447', '106.662115'),
(23, 'VIETCOM Nguyen Trai', '468 Nguyen Trai, P.8, Q.5', 'sg_5', 'vcb', '10.755486', '106.670183'),
(24, 'VIETCOM Nguyen Hue', '141 Nguyen Hue, P.Ben Nghe, Q.1', 'sg_1', 'vcb', '10.77547', '106.702691'),
(25, 'ACB - PGB Le Loi', '41 Le Loi, P.Ben Nghe, Q.1', 'sg_1', 'acb', '10.775006', '106.701447'),
(26, 'SACOMBANK', '278 Nam Ky Khoi Nghia, P.8, Q.3', 'sg_3', 'sac', '10.788729', '106.686019'),
(27, 'EXIM - PGD Q.7', '448 Huynh Tan Phat, P.Binh Thuan, Q.7', 'sg_7', 'exim', '10.747813', '106.72873'),
(28, 'TECHCOMBANK', '24-26 Pasteur, P.Nguyen Thai Binh, Q.1', 'sg_1', 'tech', '10.774542', '106.700975'),
(29, 'EXIM - PGD Q.1', '7 Le Thi Hong Gam, P.Nguyen Thai Binh, Q.1', 'sg_1', 'exim', '10.769652', '106.685139'),
(30, 'ACB Ly Tu Trong', '96 Ly Tu Trong, P.Ben Thanh, Q.1', 'sg_1', 'acb', '10.774606', '106.697348'),
(31, 'DONGA Pham Ngu Lao', '187 Pham Ngu Lao, P.Pham Ngu Lao, Q.1', 'sg_1', 'dab', '10.76942', '106.693615'),
(32, 'DONGA Hai Ba Trung', '136 Hai Ba Trung, P.Da Kao, Q.1', 'sg_1', 'dab', '10.784471', '106.69679'),
(33, 'DONGA Tran Hung Dao', '525 Tran Hung Dao, P.Cau Kho, Q.1', 'sg_1', 'dab', '10.758311', '106.686405'),
(34, 'BIDV Nguyen Hue', '135 Nguyen Hue, P.Ben Nghe, Q.1', 'sg_1', 'bidv', '10.775596', '106.702906'),
(35, 'BIDV Nguyen Tri Phuong', '119 Nguyen Tri Phuong, P.7, Q.5', 'sg_5', 'bidv', '10.754706', '106.669647');

-- --------------------------------------------------------

--
-- Table structure for table `dsduong`
--

CREATE TABLE IF NOT EXISTS `dsduong` (
  `codau` varchar(100) NOT NULL,
  `khongdau` varchar(100) NOT NULL,
  PRIMARY KEY (`codau`)
) ENGINE=MyISAM DEFAULT CHARSET=latin1;

--
-- Dumping data for table `dsduong`
--

INSERT INTO `dsduong` (`codau`, `khongdau`) VALUES
('Alexan dre Yersin', 'ALEXAN DRE YERSIN'),
('An Duong Vuong', 'AN DUONG VUONG'),
('Au Co', 'AU CO'),
('Ba  Bang Nhan', 'BA BANG NHAN'),
('Ba  Huyen Thanh Quan', 'BA HUYEN THANH QUAN'),
('Bach Thai Buoi', 'BACH THAI BUOI'),
('Be Van Dan', 'BE VAN DAN'),
('Bui Chat', 'BUI CHAT'),
('Bui Duong Lich', 'BUI DUONG LICH'),
('Bui Huu Nghia', 'BUI HUU NGHIA'),
('Bui Huy Bich', 'BUI HUY BICH'),
('Bui Ky', 'BUI KY'),
('Bui Lam', 'BUI LAM'),
('Bui Quoc Hung', 'BUI QUOC HUNG'),
('Bui Ta Han', 'BUI TA HAN'),
('Bui The My', 'BUI THE MY'),
('Bui Thi Xuan', 'BUI THI XUAN'),
('Bui Vien', 'BUI VIEN'),
('Bui Vinh', 'BUI VINH'),
('Bui Xuan Phai', 'BUI XUAN PHAI'),
('Ca Van Thinh', 'CA VAN THINH'),
('Cam Ba Thuoc', 'CAM BA THUOC'),
('Cao Ba Nha', 'CAO BA NHA'),
('Cao Ba Quat', 'CAO BA QUAT'),
('Cao Lo', 'CAO LO'),
('Cao Son Phao', 'CAO SON PHAO'),
('Cao Thang', 'CAO THANG'),
('Cao Xuan Duc', 'CAO XUAN DUC'),
('Cao Xuan Huy', 'CAO XUAN HUY'),
('Chau Thi Vinh Te', 'CHAU THI VINH TE'),
('Chau Thuong Van', 'CHAU THUONG VAN'),
('Chau Van Liem', 'CHAU VAN LIEM'),
('Che Lan Vien', 'CHE LAN VIEN'),
('Chu Cam Phong', 'CHU CAM PHONG'),
('Chu Manh Trinh', 'CHU MANH TRINH'),
('Chu Van An', 'CHU VAN AN'),
('Co Bac', 'CO BAC'),
('Co Giang', 'CO GIANG'),
('Cu Chinh Lan', 'CU CHINH LAN'),
('Da Tuong', 'DA TUONG'),
('Duong Duc Hien', 'DUONG DUC HIEN'),
('Duong Thanh', 'DUONG THANH'),
('Dam Quang Trung', 'DAM QUANG TRUNG'),
('Dam Van Le', 'DAM VAN LE'),
('Dang Dinh Van', 'DANG DINH VAN'),
('Dang Dung', 'DANG DUNG'),
('Dang Huy Tru', 'DANG HUY TRU'),
('Dang Minh Khiem', 'DANG MINH KHIEM'),
('Dang Nguyen Can', 'DANG NGUYEN CAN'),
('Dang Nhu Mai', 'DANG NHU MAI'),
('Dang Tat', 'DANG TAT'),
('Dang Thai Mai', 'DANG THAI MAI'),
('Dang Thai Than', 'DANG THAI THAN'),
('Dang Thuy Tram', 'DANG THUY TRAM'),
('Dang Tran Con', 'DANG TRAN CON'),
('Dang Tu Kinh', 'DANG TU KINH'),
('Dang Van Ngu', 'DANG VAN NGU'),
('Dang Xuan Bang', 'DANG XUAN BANG'),
('Dao Cam Moc', 'DAO CAM MOC'),
('Dao Duy Anh', 'DAO DUY ANH'),
('Dao Duy Ky', 'DAO DUY KY'),
('Dao Duy Tu', 'DAO DUY TU'),
('Dao Nguyen Pho', 'DAO NGUYEN PHO'),
('Dao Tan', 'DAO TAN'),
('Dinh Chau', 'DINH CHAU'),
('Dinh Cong Trang', 'DINH CONG TRANG'),
('Dinh Le', 'DINH LE'),
('Dinh Liet', 'DINH LIET'),
('Dinh Nup', 'DINH NUP'),
('Dinh Tien Hoang', 'DINH TIEN HOANG'),
('Do Anh Han', 'DO ANH HAN'),
('Do Dang Tuyen', 'DO DANG TUYEN'),
('Do Hanh', 'DO HANH'),
('Do Huy Uyen', 'DO HUY UYEN'),
('Do Nhuan', 'DO NHUAN'),
('Do Quang', 'DO QUANG'),
('Do The Chap', 'DO THE CHAP'),
('Do Thuc Tinh', 'DO THUC TINH'),
('Do Xuan Cat', 'DO XUAN CAT'),
('Do Xuan Hop', 'DO XUAN HOP'),
('Doan Huu Trung', 'DOAN HUU TRUNG'),
('Doan Nguyen Thuc', 'DOAN NGUYEN THUC'),
('Doan Nhu Hai', 'DOAN NHU HAI'),
('Doan Quy Phi', 'DOAN QUY PHI'),
('Doan Thi Diem', 'DOAN THI DIEM'),
('Doan Tran Nghiep', 'DOAN TRAN NGHIEP'),
('Doc Ngu', 'DOC NGU'),
('Doi Can', 'DOI CAN'),
('Doi Cung', 'DOI CUNG'),
('Duong Ba Trac', 'DUONG BA TRAC'),
('Duong Bich Lien', 'DUONG BICH LIEN'),
('Duong Dinh Nghe', 'DUONG DINH NGHE'),
('Duong Khue', 'DUONG KHUE'),
('Duong Quang Ham', 'DUONG QUANG HAM'),
('Duong Thuong', 'DUONG THUONG'),
('Duong Tri Trach', 'DUONG TRI TRACH'),
('Duong Tu Minh', 'DUONG TU MINH'),
('Duong Van An', 'DUONG VAN AN'),
('Duong Van Nga', 'DUONG VAN NGA'),
('Duy Tan', 'DUY TAN'),
('Francis Henry Loseby', 'FRANCIS HENRY LOSEBY'),
('Giang Van Minh', 'GIANG VAN MINH'),
('Giap Van Cuong', 'GIAP VAN CUONG'),
('Ha Bong', 'HA BONG'),
('Ha Dac', 'HA DAC'),
('Ha Huy Giap', 'HA HUY GIAP'),
('Ha Huy Tap', 'HA HUY TAP'),
('Ha Muc', 'HA MUC'),
('Ha Tong Quyen', 'HA TONG QUYEN'),
('Ha Van Tri', 'HA VAN TRI'),
('Hai Trieu', 'HAI TRIEU'),
('Ham Nghi', 'HAM NGHI'),
('Han Mac Tu', 'HAN MAC TU'),
('Han Thuyen', 'HAN THUYEN'),
('Ho Bieu CHanh', 'HO BIEU CHANH'),
('Ho Dac Di', 'HO DAC DI'),
('Ho Hoc Lam', 'HO HOC LAM'),
('Ho Huan Nghiep', 'HO HUAN NGHIEP'),
('Ho Nguyen Trung', 'HO NGUYEN TRUNG'),
('Ho Nghinh', 'HO NGHINH'),
('Ho Quy Ly', 'HO QUY LY'),
('Ho Si Duong', 'HO SI DUONG'),
('Ho Si Dong', 'HO SI DONG'),
('Ho Tong Thoc', 'HO TONG THOC'),
('Ho Tung Mau', 'HO TUNG MAU'),
('Ho Tuong', 'HO TUONG'),
('Ho Xuan Huong', 'HO XUAN HUONG'),
('Hoai Thanh', 'HOAI THANH'),
('Hoang Dieu', 'HOANG DIEU'),
('Hoang Du Khuong', 'HOANG DU KHUONG'),
('Hoang Dao Thuy', 'HOANG DAO THUY'),
('Hoang Duc Luong', 'HOANG DUC LUONG'),
('Hoang Hoa Tham', 'HOANG HOA THAM'),
('Hoang Ke Viem', 'HOANG KE VIEM'),
('Hoang Ngoc Phach', 'HOANG NGOC PHACH'),
('Hoang Quoc Viet', 'HOANG QUOC VIET'),
('Hoang Tang Bi', 'HOANG TANG BI'),
('Hoang Tich Tri', 'HOANG TICH TRI'),
('Hoang Thuc Tram', 'HOANG THUC TRAM'),
('Hoang Trong Mau', 'HOANG TRONG MAU'),
('Hoang Van Hoe', 'HOANG VAN HOE'),
('Hoang Van Thai', 'HOANG VAN THAI'),
('Hoang Van Thu', 'HOANG VAN THU'),
('Hoang Viet', 'HOANG VIET'),
('Hoang Xuan Han', 'HOANG XUAN HAN'),
('Hoang Xuan Nhi', 'HOANG XUAN NHI'),
('Hung Vuong', 'HUNG VUONG'),
('Huy Can', 'HUY CAN'),
('Huyen Tran Cong Chua', 'HUYEN TRAN CONG CHUA'),
('Huynh Ba CHanh', 'HUYNH BA CHANH'),
('Huynh Ly', 'HUYNH LY'),
('Huynh Man Dat', 'HUYNH MAN DAT'),
('Huynh Ngoc Hue', 'HUYNH NGOC HUE'),
('Huynh Tan Phat', 'HUYNH TAN PHAT'),
('Huynh Thuc KHang', 'HUYNH THUC KHANG'),
('Huong Hai Thien Su', 'HUONG HAI THIEN SU'),
('Khuc Hao', 'KHUC HAO'),
('Kinh Duong Vuong', 'KINH DUONG VUONG'),
('Ky Dong', 'KY DONG'),
('Lac Long Quan', 'LAC LONG QUAN'),
('Lam Hoanh', 'LAM HOANH'),
('Lam Nhi', 'LAM NHI'),
('Lam Quang Thu', 'LAM QUANG THU'),
('Le Anh Xuan', 'LE ANH XUAN'),
('Le Ba Trinh', 'LE BA TRINH'),
('Le Binh', 'LE BINH'),
('Le Chan', 'LE CHAN'),
('Le Co', 'LE CO'),
('Le Dai', 'LE DAI'),
('Le Dai Hanh', 'LE DAI HANH'),
('Le Dinh Dien', 'LE DINH DIEN'),
('Le Dinh Duong', 'LE DINH DUONG'),
('Le Dinh Ly', 'LE DINH LY'),
('Le Dinh Tham', 'LE DINH THAM'),
('Le Do', 'LE DO'),
('Le Duan', 'LE DUAN'),
('Le Duy Dinh', 'LE DUY DINH'),
('Le Hong Phong', 'LE HONG PHONG'),
('Le Huu Trac', 'LE HUU TRAC'),
('Le Khac Can', 'LE KHAC CAN'),
('Le Khoi', 'LE KHOI'),
('Le Kim Lang', 'LE KIM LANG'),
('Le Lai', 'LE LAI'),
('Le Loi', 'LE LOI'),
('Le Manh Trinh', 'LE MANH TRINH'),
('Le Ngan', 'LE NGAN'),
('Le Ngo Cat', 'LE NGO CAT'),
('Le No', 'LE NO'),
('Le Phu Tran', 'LE PHU TRAN'),
('Le Phung Hieu', 'LE PHUNG HIEU'),
('Le Quang Sung', 'LE QUANG SUNG'),
('Le Quy Don', 'LE QUY DON'),
('Le Sat', 'LE SAT'),
('Le Tan Toan', 'LE TAN TOAN'),
('Le Tan Trung', 'LE TAN TRUNG'),
('Le Thach', 'LE THACH'),
('Le Thanh Nghi', 'LE THANH NGHI'),
('Le Thanh Tong', 'LE THANH TONG'),
('Le Thiet', 'LE THIET'),
('Le Thi Hong Gam', 'LE THI HONG GAM'),
('Le Thi Tinh', 'LE THI TINH'),
('Le Thi Xuyen', 'LE THI XUYEN'),
('Le Trong Tan', 'LE TRONG TAN'),
('Le Tu Thong Nhat', 'LE TU THONG NHAT'),
('Le Van An', 'LE VAN AN'),
('Le Van Duc', 'LE VAN DUC'),
('Le Van Duyet', 'LE VAN DUYET'),
('Le Van Hien', 'LE VAN HIEN'),
('Le Van Huu', 'LE VAN HUU'),
('Le Van Linh', 'LE VAN LINH'),
('Le Van Long', 'LE VAN LONG'),
('Le Van Si', 'LE VAN SI'),
('Le Van Tam', 'LE VAN TAM'),
('Le Van Thiem', 'LE VAN THIEM'),
('Le Van Thinh', 'LE VAN THINH'),
('Le Van Thu', 'LE VAN THU'),
('Le Vinh Huy', 'LE VINH HUY'),
('Le Vinh Khanh', 'LE VINH KHANH'),
('Luong Dinh Cua', 'LUONG DINH CUA'),
('Luong Khanh THien', 'LUONG KHANH THIEN'),
('Luong Ngoc Quyen', 'LUONG NGOC QUYEN'),
('Luong Nhu Hoc', 'LUONG NHU HOC'),
('Luong The Vinh', 'LUONG THE VINH'),
('Luong Thuc Ky', 'LUONG THUC KY'),
('Luong Van Can', 'LUONG VAN CAN'),
('Luu Huu Phuoc', 'LUU HUU PHUOC'),
('Luu Nhan Chu', 'LUU NHAN CHU'),
('Luu Quang Vu', 'LUU QUANG VU'),
('Luu Quy Ky', 'LUU QUY KY'),
('Luu Trong Lu', 'LUU TRONG LU'),
('Ly Chinh Thang', 'LY CHINH THANG'),
('Ly Dao Thanh', 'LY DAO THANH'),
('Ly Nam De', 'LY NAM DE'),
('Ly Nhan Tong', 'LY NHAN TONG'),
('Ly Te Xuyen', 'LY TE XUYEN'),
('Ly Thai To', 'LY THAI TO'),
('Ly Thai Tong', 'LY THAI TONG'),
('Ly Thanh Tong', 'LY THANH TONG'),
('Ly Thien Bao', 'LY THIEN BAO'),
('Ly Thuong Kiet', 'LY THUONG KIET'),
('Ly Trien', 'LY TRIEN'),
('Ly Tu Trong', 'LY TU TRONG'),
('Ly Van To', 'LY VAN TO'),
('Mac Dinh Chi', 'MAC DINH CHI'),
('Mac Thi Buoi', 'MAC THI BUOI'),
('Mai Am', 'MAI AM'),
('Mai Dang Chon', 'MAI DANG CHON'),
('Mai Di', 'MAI DI'),
('Mai Hac De', 'MAI HAC DE'),
('Mai Lao Bang', 'MAI LAO BANG'),
('Mai Xuan Thuong', 'MAI XUAN THUONG'),
('Me Hien', 'ME HIEN'),
('Me Nhu', 'ME NHU'),
('Nam Cao', 'NAM CAO'),
('Nam Tran', 'NAM TRAN'),
('Ngo Chan Luu', 'NGO CHAN LUU'),
('Ngo Chi Lan', 'NGO CHI LAN'),
('Ngo Duc Ke', 'NGO DUC KE'),
('Ngo Gia Tu', 'NGO GIA TU'),
('Ngo May', 'NGO MAY'),
('Ngo Nhan Tinh', 'NGO NHAN TINH'),
('Ngo Quang Huy', 'NGO QUANG HUY'),
('Ngo Quyen', 'NGO QUYEN'),
('Ngo Si Lien', 'NGO SI LIEN'),
('Ngo Tat To', 'NGO TAT TO'),
('Ngo The Lan', 'NGO THE LAN'),
('Ngo The Vinh', 'NGO THE VINH'),
('Ngo Thi Lieu', 'NGO THI LIEU'),
('Ngo Thi Nham', 'NGO THI NHAM'),
('Ngo Thi Si', 'NGO THI SI'),
('Ngo Tri Hoa', 'NGO TRI HOA'),
('Ngo Van So', 'NGO VAN SO'),
('Ngo Xuan Thu', 'NGO XUAN THU'),
('Ngoc Han', 'NGOC HAN'),
('Nguyen Ba Hoc', 'NGUYEN BA HOC'),
('Nguyen Ba Phat', 'NGUYEN BA PHAT'),
('Nguyen Bieu', 'NGUYEN BIEU'),
('Nguyen Binh', 'NGUYEN BINH'),
('Nguyen Binh Khiem', 'NGUYEN BINH KHIEM'),
('Nguyen Canh Chan', 'NGUYEN CANH CHAN'),
('Nguyen Canh Di', 'NGUYEN CANH DI'),
('Nguyen Cao', 'NGUYEN CAO'),
('Nguyen Cao Luyen', 'NGUYEN CAO LUYEN'),
('Nguyen Chanh', 'NGUYEN CHANH'),
('Nguyen Che Nghia', 'NGUYEN CHE NGHIA'),
('Nguyen Chi Dieu', 'NGUYEN CHI DIEU'),
('Nguyen Chi Thanh', 'NGUYEN CHI THANH'),
('Nguyen Chich', 'NGUYEN CHICH'),
('Nguyen Chu Si', 'NGUYEN CHU SI'),
('Nguyen Cong Hoan', 'NGUYEN CONG HOAN'),
('Nguyen Cong Sau', 'NGUYEN CONG SAU'),
('Nguyen Cong Tru', 'NGUYEN CONG TRU'),
('Nguyen Cu Trinh', 'NGUYEN CU TRINH'),
('Nguyen Du', 'NGUYEN DU'),
('Nguyen Dang Dao', 'NGUYEN DANG DAO'),
('Nguyen Di Lo', 'NGUYEN DIA LO'),
('Nguyen Dinh Chieu', 'NGUYEN DINH CHIEU'),
('Nguyen Dinh Tran', 'NGUYEN DINH TRAN'),
('Nguyen Dinh Trong', 'NGUYEN DINH TRONG'),
('Nguyen Dinh Tu', 'NGUYEN DINH TU'),
('Nguyen Dinh Tuu', 'NGUYEN DINH TUU'),
('Nguyen Do Cung', 'NGUYEN DO CUNG'),
('Nguyen Do Muc', 'NGUYEN DO MUC'),
('Nguyen Don Tiet', 'NGUYEN DON TIET'),
('Nguyen Dong Chi', 'NGUYEN DONG CHI'),
('Nguyen Duc Canh', 'NGUYEN DUC CANH'),
('Nguyen Duc Trung', 'NGUYEN DUC TRUNG'),
('Nguyen Duy', 'NGUYEN DUY'),
('Nguyen Duy Hieu', 'NGUYEN DUY HIEU'),
('Nguyen Duy Trinh', 'NGUYEN DUY TRINH'),
('Nguyen Gia Thieu', 'NGUYEN GIA THIEU'),
('Nguyen Gia Tri', 'NGUYEN GIA TRI'),
('Nguyen Hang Chi', 'NGUYEN HANG CHI'),
('Nguyen Hanh', 'NGUYEN HANH'),
('Nguyen Hien', 'NGUYEN HIEN'),
('Nguyen Hoang', 'NGUYEN HOANG'),
('Nguyen Hong', 'NGUYEN HONG'),
('Nguyen Huu Canh', 'NGUYEN HUU CANH'),
('Nguyen Huu Dat', 'NGUYEN HUU DAT'),
('Nguyen Huu Tho', 'NGUYEN HUU THO'),
('Nguyen Huu Thong', 'NGUYEN HUU THONG'),
('Nguyen Huu Tien', 'NGUYEN HUU TIEN'),
('Nguyen Huy Luong', 'NGUYEN HUY LUONG'),
('Nguyen Huy Oanh', 'NGUYEN HUY OANH'),
('Nguyen Huy Tu', 'NGUYEN HUY TU'),
('Nguyen Huy Tuong', 'NGUYEN HUY TUONG'),
('Nguyen Khac Nhu', 'NGUYEN KHAC NHU'),
('Nguyen Khac Vien', 'NGUYEN KHAC VIEN'),
('Nguyen Khanh Toan', 'NGUYEN KHANH TOAN'),
('Nguyen Khoai', 'NGUYEN KHOAI'),
('Nguyen Khuyen', 'NGUYEN KHUYEN'),
('Nguyen Kieu', 'NGUYEN KIEU'),
('Nguyen Lai', 'NGUYEN LAI'),
('Nguyen Lo Trach', 'NGUYEN LO TRACH'),
('Nguyen Luong Bang', 'NGUYEN LUONG BANG'),
('Nguyen Mong Tuan', 'NGUYEN MONG TUAN'),
('Nguyen Nghiem', 'NGUYEN NGHIEM'),
('Nguyen Nhan', 'NGUYEN NHAN'),
('Nguyen Nho Tuy', 'NGUYEN NHO TUY'),
('Nguyen Nhu Hanh', 'NGUYEN NHU HANH'),
('Nguyen Pham Tuan', 'NGUYEN PHAM TUAN'),
('Nguyen Pham', 'NGUYEN PHAM'),
('Nguyen Phan Vinh', 'NGUYEN PHAN VINH'),
('Nguyen Phi Khanh', 'NGUYEN PHI KHANH'),
('Nguyen Phong Sac', 'NGUYEN PHONG SAC'),
('Nguyen Phu Huong', 'NGUYEN PHU HUONG'),
('Nguyen Phuc', 'NGUYEN PHUC'),
('Nguyen Phuoc Chu', 'NGUYEN PHUOC CHU'),
('Nguyen Phuoc Nguyen', 'NGUYEN PHUOC NGUYEN'),
('Nguyen Phuoc Tan', 'NGUYEN PHUOC TAN'),
('Nguyen Quang Bich', 'NGUYEN QUANG BICH'),
('Nguyen Quyen', 'NGUYEN QUYEN'),
('Nguyen Quy Duc', 'NGUYEN QUY DUC'),
('Nguyen Sang', 'NGUYEN SANG'),
('Nguyen Sinh Sac', 'NGUYEN SINH SAC'),
('Nguyen Son', 'NGUYEN SON'),
('Nguyen Suy', 'NGUYEN SUY'),
('Nguyen Tat Thanh', 'NGUYEN TAT THANH'),
('Nguyen Thai Binh', 'NGUYEN THAI BINH'),
('Nguyen Thai Hoc', 'NGUYEN THAI HOC'),
('Nguyen Thanh Han', 'NGUYEN THANH HAN'),
('Nguyen Thanh Y', 'NGUYEN THANH Y'),
('Nguyen Than Hien', 'NGUYEN THAN HIEN'),
('Nguyen Thi', 'NGUYEN THI'),
('Nguyen Thi Bay', 'NGUYEN THI BAY'),
('Nguyen Thi Dinh', 'NGUYEN THI DINH'),
('Nguyen Thi Hong', 'NGUYEN THI HONG'),
('Nguyen Thi Minh Khai', 'NGUYEN THI MINH KHAI'),
('Nguyen Thi Thap', 'NGUYEN THI THAP'),
('Nguyen Thien Thuat', 'NGUYEN THIEN THUAT'),
('Nguyen Thiep', 'NGUYEN THIEP'),
('Nguyen Thong', 'NGUYEN THONG'),
('Nguyen Thuat', 'NGUYEN THUAT'),
('Nguyen Thuy', 'NGUYEN THUY'),
('Nguyen Thuong Hien', 'NGUYEN THUONG HIEN'),
('Nguyen Trac', 'NGUYEN TRAC'),
('Nguyen Trai', 'NGUYEN TRAI'),
('Nguyen Tri Phuong', 'NGUYEN TRI PHUONG'),
('Nguyen Trong Nghia', 'NGUYEN TRONG NGHIA'),
('Nguyen Trung Ngan', 'NGUYEN TRUNG NGAN'),
('Nguyen Trung Truc', 'NGUYEN TRUNG TRUC'),
('Nguyen Truong To', 'NGUYEN TRUONG TO'),
('Nguyen Tuan', 'NGUYEN TUAN'),
('Nguyen Tu Gian', 'NGUYEN TU GIAN'),
('Nguyen Van Bong', 'NGUYEN VAN BONG'),
('Nguyen Van Cu', 'NGUYEN VAN CU'),
('Nguyen Van Hue', 'NGUYEN VAN HUE'),
('Nguyen Van Huyen', 'NGUYEN VAN HUYEN'),
('Nguyen Van Linh', 'NGUYEN VAN LINH'),
('Nguyen Van Phuong', 'NGUYEN VAN PHUONG'),
('Nguyen Van Sieu', 'NGUYEN VAN SIEU'),
('Nguyen Van Tao', 'NGUYEN VAN TAO'),
('Nguyen Van Thoai', 'NGUYEN VAN THOAI'),
('Nguyen Van To', 'NGUYEN VAN TO'),
('Nguyen Van Troi', 'NGUYEN VAN TROI'),
('Nguyen Viet Xuan', 'NGUYEN VIET XUAN'),
('Nguyen Xi', 'NGUYEN XI'),
('Nguyen Xuan Khoat', 'NGUYEN XUAN KHOAT'),
('Nguyen Xuan Nhi', 'NGUYEN XUAN NHI'),
('Nguyen Xuan On', 'NGUYEN XUAN ON'),
('Nhat Chi Mai', 'NHAT CHI MAI'),
('Norman Morrison', 'NORMAN MORRISON'),
('No Trang Long', 'NO TRANG LONG'),
('Ong Ich Duong', 'ONG ICH DUONG'),
('Ong Ich Khiem', 'ONG ICH KHIEM'),
('Pasteur', 'PASTEUR'),
('Pham Cong Tru', 'PHAM CONG TRU'),
('Pham Dinh Ho', 'PHAM DINH HO'),
('Pham Hong Thai', 'PHAM HONG THAI'),
('Pham Hung', 'PHAM HUNG'),
('Pham Huu Kinh', 'PHAM HUU KINH'),
('Pham Huy Thong', 'PHAM HUY THONG'),
('Pham Ngoc Thach', 'PHAM NGOC THACH'),
('Pham Ngu Lao', 'PHAM NGU LAO'),
('Pham Nhu Tang', 'PHAM NHU TANG'),
('Pham Nhu Xuong', 'PHAM NHU XUONG'),
('Pham Noi', 'PHAM NOI'),
('Pham Phu Thu', 'PHAM PHU THU'),
('Pham Phu Tiet', 'PHAM PHU TIET'),
('Pham Su Manh', 'PHAM SU MANH'),
('Pham The Hien', 'PHAM THE HIEN'),
('Pham Thieu', 'PHAM THIEU'),
('Pham Tu', 'PHAM TU'),
('Pham Van Bach', 'PHAM VAN BACH'),
('Pham Van Dong', 'PHAM VAN DONG'),
('Pham Van Nghi', 'PHAM VAN NGHI'),
('Pham Van Ngon', 'PHAM VAN NGON'),
('Pham Van Trang', 'PHAM VAN TRANG'),
('Pham Van', 'PHAM VAN'),
('Phan Anh', 'PHAN ANH'),
('Phan Ba Phien', 'PHAN BA PHIEN'),
('Phan Boi', 'PHAN BOI'),
('Phan Boi Chau', 'PHAN BOI CHAU'),
('Phan Chau Trinh', 'PHAN CHAU TRINH'),
('Phan Dang Luu', 'PHAN DANG LUU'),
('Phan Dinh Giot', 'PHAN DINH GIOT'),
('Phan Dinh Phung', 'PHAN DINH PHUNG'),
('Phan Dinh Thong', 'PHAN DINH THONG'),
('Phan Hanh Son', 'PHAN HANH SON'),
('Phan Huy Ich', 'PHAN HUY ICH'),
('Phan Huy On', 'PHAN HUY ON'),
('Phan Ke Binh', 'PHAN KE BINH'),
('Phan Nhu', 'PHAN NHU'),
('Phan Phu Tien', 'PHAN PHU TIEN'),
('Phan Thanh', 'PHAN THANH'),
('Phan Thanh Tai', 'PHAN THANH TAI'),
('Phan Thi Ne', 'PHAN THI NE'),
('Phan Thuc Duyet', 'PHAN THUC DUYET'),
('Phan Tong', 'PHAN TONG'),
('Phan Trong Tue', 'PHAN TRONG TUE'),
('Phan Tu', 'PHAN TU'),
('Phan Van Dinh', 'PHAN VAN DINH'),
('Phan Van Tri', 'PHAN VAN TRI'),
('Pho Duc Chinh', 'PHO DUC CHINH'),
('Phung Chi Kien', 'PHUNG CHI KIEN'),
('Phung Hung', 'PHUNG HUNG'),
('Phung Khac Khoan', 'PHUNG KHAC KHOAN'),
('Quang Dung', 'QUANG DUNG'),
('Quang Trung', 'QUANG TRUNG'),
('Suong Nguyet Anh', 'SUONG NGUYET ANH'),
('Ta Hien', 'TA HIEN'),
('Ta My Duat', 'TA MY DUAT'),
('Ta Quang Buu', 'TA QUANG BUU'),
('Tan Da', 'TAN DA'),
('Tang Bat Ho', 'TANG BAT HO'),
('Thach Lam', 'THACH LAM'),
('Thai Phien', 'THAI PHIEN'),
('Thai Thi Boi', 'THAI THI BOI'),
('Than Canh Phuc', 'THAN CANH PHUC'),
('Than Nhan Trung', 'THAN NHAN TRUNG'),
('Thanh Thai', 'THANH THAI'),
('Thanh Tinh', 'THANH TINH'),
('The Lu', 'THE LU'),
('Thi Sach', 'THI SACH'),
('Thich Phuoc Hue', 'THICH PHUOC HUE'),
('Thich Quang Duc', 'THICH QUANG DUC'),
('Thu Khoa Huan', 'THU KHOA HUAN'),
('Tieu La', 'TIEU LA'),
('To Hien Thanh', 'TO HIEN THANH'),
('To Hieu', 'TO HIEU'),
('To Huu', 'TO HUU'),
('To Ngoc Van', 'TO NGOC VAN'),
('To Vinh Dien', 'TO VINH DIEN'),
('Ton Duc Thang', 'TON DUC THANG'),
('Ton Quang Phiet', 'TON QUANG PHIET'),
('Ton That Dam', 'TON THAT DAM'),
('Ton That Thiep', 'TON THAT THIEP'),
('Ton That Thuyet', 'TON THAT THUYET'),
('Ton That Tung', 'TON THAT TUNG'),
('Tong Dan', 'TONG DAN'),
('Tong Duy Tan', 'TONG DUY TAN'),
('Tong Phuoc Pho', 'TONG PHUOC PHO'),
('Tran Anh Tong', 'TRAN ANH TONG'),
('Tran Bich San', 'TRAN BICH SAN'),
('Tran Binh Trong', 'TRAN BINH TRONG'),
('Tran Cao Van', 'TRAN CAO VAN'),
('Tran Dai Nghia', 'TRAN DAI NGHIA'),
('Tran Dang Ninh', 'TRAN DANG NINH'),
('Tran Duc Thao', 'TRAN DUC THAO'),
('Tran Dinh Dan', 'TRAN DINH DAN'),
('Tran Dinh Long', 'TRAN DINH LONG'),
('Tran Dinh Phong', 'TRAN DINH PHONG'),
('Tran Dinh Tri', 'TRAN DINH TRI'),
('Tran Hoanh', 'TRAN HOANH'),
('Tran Huan', 'TRAN HUAN'),
('Tran Hung Dao', 'TRAN HUNG DAO'),
('Tran Huu Trang', 'TRAN HUU TRANG'),
('Tran Huy Lieu', 'TRAN HUY LIEU'),
('Tran Ke Xuong', 'TRAN KE XUONG'),
('Tran Khanh Du', 'TRAN KHANH DU'),
('Tran Khat Chan', 'TRAN KHAT CHAN'),
('Tran Kim Bang', 'TRAN KIM BANG'),
('Tran Mai Ninh', 'TRAN MAI NINH'),
('Tran Ngoc Suong', 'TRAN NGOC SUONG'),
('Tran Nhan Tong', 'TRAN NHAN TONG'),
('Tran Nhat Duat', 'TRAN NHAT DUAT'),
('Tran Nguyen Dan', 'TRAN NGUYEN DAN'),
('Tran Phu', 'TRAN PHU'),
('Tran Phuoc Thanh', 'TRAN PHUOC THANH'),
('Tran Quang Dieu', 'TRAN QUANG DIEU'),
('Tran Quoc Toan', 'TRAN QUOC TOAN'),
('Tran Quy Cap', 'TRAN QUY CAP'),
('Tran Tan', 'TRAN TAN'),
('Tran Tan Moi', 'TRAN TAN MOI'),
('Tran Thai Tong', 'TRAN THAI TONG'),
('Tran Thanh Mai', 'TRAN THANH MAI'),
('Tran Thanh Trung', 'TRAN THANH TRUNG'),
('Tran Thanh Tong', 'TRAN THANH TONG'),
('Tran Thi Ly', 'TRAN THI LY'),
('Tran Thu Do', 'TRAN THU DO'),
('Tran Tong', 'TRAN TONG'),
('Tran Van Dang', 'TRAN VAN DANG'),
('Tran Van Du', 'TRAN VAN DU'),
('Tran Van Giap', 'TRAN VAN GIAP'),
('Tran Van Ky', 'TRAN VAN KY'),
('Tran Van On', 'TRAN VAN ON'),
('Tran Xuan Le', 'TRAN XUAN LE'),
('Tran Xuan Soan', 'TRAN XUAN SOAN'),
('Trieu Nu Vuong', 'TRIEU NU VUONG'),
('Trieu Viet Vuong', 'TRIEU VIET VUONG'),
('Trinh Dinh Thao', 'TRINH DINH THAO'),
('Trinh Hoai Duc', 'TRINH HOAI DUC'),
('Trung Nhi', 'TRUNG NHI'),
('Trung Nu Vuong', 'TRUNG NU VUONG'),
('Truong Chi Cuong', 'TRUONG CHI CUONG'),
('Truong Chinh', 'TRUONG CHINH'),
('Truong Dinh', 'TRUONG DINH'),
('Truong Han Sieu', 'TRUONG HAN SIEU'),
('Truong Quang Giao', 'TRUONG QUANG GIAO'),
('Truong Van Da', 'TRUONG VAN DA'),
('Truong Van Hien', 'TRUONG VAN HIEN'),
('Tru Van Tho', 'TRU VAN THO'),
('Tu Mo', 'TU MO'),
('Tue Tinh', 'TUE TINH'),
('Van Can', 'VAN CAN'),
('Van Cao', 'VAN CAO'),
('Van Hanh', 'VAN HANH'),
('Vo Nhu Hung', 'VO NHU HUNG'),
('Vo Nghia', 'VO NGHIA'),
('Vo Thi Sau', 'VO THI SAU'),
('Vo Truong Toan', 'VO TRUONG TOAN'),
('Vo Van Tan', 'VO VAN TAN'),
('Vu Duy Doan', 'VU DUY DOAN'),
('Vu Dinh Long', 'VU DINH LONG'),
('Vu Huy Tan', 'VU HUY TAN'),
('Vu Huu', 'VU HUU'),
('Vu Mien', 'VU MIEN'),
('Vu Quynh', 'VU QUYNH'),
('Vu Ngoc Phan', 'VU NGOC PHAN'),
('Vu Tong Phan', 'VU TONG PHAN'),
('Vu Trong Hoang', 'VU TRONG HOANG'),
('Vu Trong Phung', 'VU TRONG PHUNG'),
('Vu Van Dung', 'VU VAN DUNG'),
('Xuan Dieu', 'XUAN DIEU'),
('Xuan Thuy', 'XUAN THUY'),
('Y Lan Nguyen Phi', 'Y LAN NGUYEN PHI'),
('Yet Kieu', 'YET KIEU'),
('hong', 'hong');

-- --------------------------------------------------------

--
-- Table structure for table `lienhe`
--

CREATE TABLE IF NOT EXISTS `lienhe` (
  `c_date` datetime NOT NULL,
  `c_mac` varchar(20) NOT NULL,
  `c_name` varchar(50) NOT NULL,
  `c_tieude` varchar(100) NOT NULL,
  `c_noidung` varchar(500) NOT NULL,
  PRIMARY KEY (`c_date`)
) ENGINE=MyISAM DEFAULT CHARSET=latin1;

--
-- Dumping data for table `lienhe`
--

INSERT INTO `lienhe` (`c_date`, `c_mac`, `c_name`, `c_tieude`, `c_noidung`) VALUES
('2012-04-07 09:07:58', 'D0:DF:C7:F7:C0:9E', 'GT-S5570 - 2.3.4', 'test Chao co cai nao cac ban tre', 'Bac Ho, vi lanh tu Toi cao kinh men cua chung ta'),
('2012-06-09 06:11:42', '', 'GT-S5570 - 2.3.4', 'test ngay moi', 'gia vang dang tang'),
('2012-06-11 05:06:08', '', 'google_sdk - 2.1', '1/6 bao ve', '1/6 bao ve do an :-ss'),
('2012-06-11 05:07:06', '', 'google_sdk - 2.1', 'test them phat nua', 'co so du lieu con thieu nhieu'),
('2012-06-11 05:08:04', '', 'google_sdk - 2.1', 'hehe', 'toi nay phap / anh 2/1'),
('2012-06-17 04:23:00', 'D0:DF:C7:F7:C0:9E', 'GT-S5570 - 2.3.4', 'ufufic', 'ydivjcjc'),
('2012-06-18 11:32:56', '', 'google_sdk - 2.1', 'hihi', 'waiting...');

-- --------------------------------------------------------

--
-- Table structure for table `nganhang`
--

CREATE TABLE IF NOT EXISTS `nganhang` (
  `manganhang` varchar(10) NOT NULL,
  `tennganhang` varchar(150) NOT NULL,
  PRIMARY KEY (`manganhang`)
) ENGINE=MyISAM DEFAULT CHARSET=latin1;

--
-- Dumping data for table `nganhang`
--

INSERT INTO `nganhang` (`manganhang`, `tennganhang`) VALUES
('agb', 'Ngan hang Nong nghiep & phat trien nong thon Viet Nam - Agribank'),
('vtb', 'Ngan hang cong thuong Viet Nam - Viettinbank'),
('vcb', 'Ngan hang ngoai thuong Viet Nam - Vietcombank'),
('acb', 'Ngan hang A Chau - ACB'),
('mhb', 'Ngan hang phat trien nha Dong bang song Cuu Long'),
('bidv', 'Ngan hang Dau tu va Phat trien Viet Nam - BIDV'),
('vdb', 'Ngan hang Phat trien Viet Nam - VDB'),
('vbsp', 'Ngan hang Chinh sach Xa hoi Viet Nam'),
('dab', 'Ngan hang Dong A - DongA Bank'),
('seab', 'Ngan hang Dong Nam A - SeA Bank'),
('ocb', 'Ngan hang Dai Duong - Oceanbank'),
('abb', 'Ngan hang An Binh - AB Bank'),
('nasb', 'Ngan hang Bac A'),
('gpb', 'Ngan hang Dau khi Toan Cau'),
('msb', 'Ngan hang Hang Hai Viet Nam'),
('klb', 'Ngan hang Kien Long'),
('nvb', 'Ngan hang Nam Viet'),
('vpb', 'Ngan hang Viet Nam Thinh Vuong'),
('hbb', 'Ngan hang Nha Ha Noi'),
('hdb', 'Ngan hang Phat Trien Nha TPHCM - HD Bank'),
('tech', 'Ngan hang TM Co phan Ky thuong Viet Nam - Techcombank'),
('exim', 'Ngan hang TM Co phan Xuat Nhap Khau Viet Nam - Eximbank'),
('sac', 'Ngan hang Sai Gon Thuong Tin - Sacombank');

-- --------------------------------------------------------

--
-- Table structure for table `quanhuyen`
--

CREATE TABLE IF NOT EXISTS `quanhuyen` (
  `maquan` varchar(10) NOT NULL,
  `tenquan` varchar(20) NOT NULL,
  `matinh` varchar(5) NOT NULL,
  PRIMARY KEY (`maquan`)
) ENGINE=MyISAM DEFAULT CHARSET=latin1;

--
-- Dumping data for table `quanhuyen`
--

INSERT INTO `quanhuyen` (`maquan`, `tenquan`, `matinh`) VALUES
('sg_1', 'Quan 1', 'sg'),
('sg_2', 'Quan 2', 'sg'),
('sg_3', 'Quan 3', 'sg'),
('sg_5', 'Quan 5', 'sg'),
('sg_7', 'Quan 7', 'sg'),
('sg_9', 'Quan 9', 'sg'),
('sg_bt', 'Binh Thanh', 'sg'),
('sg_tb', 'Tan Binh', 'sg'),
('sg_gv', 'Go Vap', 'sg'),
('bp_bd', 'Bu Dop', 'bp'),
('bp_bdg', 'Bu Dang', 'bp'),
('dn_tk', 'Thanh Khe', 'dn'),
('dn_hc', 'Hai Chau', 'dn'),
('dn_nhs', 'Ngu Hanh Son', 'dn'),
('dn_st', 'Son Tra', 'dn'),
('dn_hk', 'Hoa Khanh', 'dn'),
('dn_hv', 'Hoa Vang', 'dn'),
('hn_lb', 'Long Bien', 'hn'),
('hn_cg', 'Cau Giay', 'hn'),
('hn_hk', 'Hoan Kiem', 'hn'),
('hn_bd', 'Ba Dinh', 'hn'),
('hn_hbt', 'Hai Ba Trung', 'hn'),
('hu_ht', 'Huong Tra', 'hue'),
('hu_hty', 'Huong Thuy', 'hue');

-- --------------------------------------------------------

--
-- Table structure for table `tinhthanh`
--

CREATE TABLE IF NOT EXISTS `tinhthanh` (
  `matinh` varchar(5) NOT NULL,
  `tentinh` varchar(20) NOT NULL,
  PRIMARY KEY (`matinh`)
) ENGINE=MyISAM DEFAULT CHARSET=latin1;

--
-- Dumping data for table `tinhthanh`
--

INSERT INTO `tinhthanh` (`matinh`, `tentinh`) VALUES
('sg', 'Ho Chi Minh'),
('dn', 'Da Nang'),
('hn', 'Ha Noi'),
('hue', 'Thua Thien Hue'),
('qb', 'Quang Binh'),
('qt', 'Quang Tri'),
('qn', 'Quang Ngai'),
('qnm', 'Quang Nam'),
('bd', 'Binh Dinh'),
('ht', 'Ha Tinh'),
('th', 'Thanh Hoa'),
('kt', 'Kon Tum'),
('ls', 'Lang Son'),
('qnh', 'Quang Ninh'),
('br', 'Ba Ria Vung Tau'),
('bp', 'Binh Phuoc'),
('ct', 'Can Tho');


-- --------------------------------------------------------

--
-- Table structure for table `user`
--

CREATE TABLE IF NOT EXISTS `user` (
  `username` varchar(10) NOT NULL,
  `password` varchar(100) NOT NULL,
  PRIMARY KEY (`username`)
) ENGINE=MyISAM DEFAULT CHARSET=latin1;

--
-- Dumping data for table `user`
--

INSERT INTO `user` (`username`, `password`) VALUES
('hong', '123456');

/*!40101 SET CHARACTER_SET_CLIENT=@OLD_CHARACTER_SET_CLIENT */;
/*!40101 SET CHARACTER_SET_RESULTS=@OLD_CHARACTER_SET_RESULTS */;
/*!40101 SET COLLATION_CONNECTION=@OLD_COLLATION_CONNECTION */;
